Tybie,2611,1005
Celene,1290,1006
Kimberley,2095,1026
Katuscha,8719,1035
Veda,3902,1038
Augustine,2619,1051
Patricia,4293,1058
Andree,2864,1060
Roxane,4720,1060
Di,1213,1067
Concettina,3544,1069
Fawne,4753,1083
Aigneis,7357,1087
Dorothy,4383,1099
Nannie,6023,1108
Lonnie,2043,1119
Liana,1766,1141
Suzette,4465,1142
Ronna,7044,1155
Mureil,705,1166
Jinny,9611,1172
Taffy,1826,1172
Berta,694,1190
June,6300,1190
Tracey,2939,1210
Dominga,6658,1221
Basia,7003,1226
Lindie,7662,1241
Maryellen,2681,1242
Cissiee,6442,1264
Donnie,1765,1272
Roberta,8433,1276
Sheelagh,5347,1284
Lisette,1301,1286
Janis,800,1327
Ellette,9577,1330
Cam,3621,1332
Ermengarde,9536,1333
Neila,8353,1336
Kaja,1640,1339
Deane,2199,1351
Babita,2250,1358
Minda,6227,1366
Frieda,4577,1370
Farrah,3970,1384
Robbi,5592,1387
Lita,1092,1399
Maurene,6325,1407
Nadine,1052,1444
Ida,1643,1454
Darlleen,2757,1456
Elsie,1841,1466
Justinn,3065,1480
Cecile,7508,1492
Kittie,9135,1522
Lonnie,9702,1523
Elie,5817,1528
Lauryn,6036,1551
Kaja,5825,1567
Julieta,8933,1583
Charmaine,2147,1584
Cam,2145,1597
Cristabel,2259,1606
Chloris,9055,1607
Helsa,5666,1622
Jobi,1926,1644
Brandise,3868,1651
Bee,5116,1658
Ingrid,7848,1667
Ricky,9655,1677
Margette,1912,1679
Nickie,8758,1683
Alisha,3955,1690
Marnia,7782,1700
Dotty,3006,1708
Augustine,1586,1712
Ricky,6893,1714
Fernande,4289,1722
Flo,5311,1742
Fanny,5830,1750
Alex,761,1780
Elora,1172,1783
Gaylene,3040,1795
Pamella,1540,1828
Nicoli,645,1836
Lorie,1121,1853
Thalia,707,1890
Addia,6632,1896
Tani,1400,1924
Jillayne,4913,1929
Marleah,2409,1936
Jasmina,6427,1939
Sandie,3359,1942
Carlie,4329,1944
Ilse,9683,1945
Augustine,9565,1948
Dominga,1549,1954
Shaylyn,7413,1958
Dominga,4271,1966
Lonnie,1157,1970
Mureil,6578,1974
Karlee,9601,1985
Allis,822,1992
Jorry,6035,2011
Gerianna,2209,2051
Ida,7343,2054
Farrah,3576,2058
Lita,985,2058
Carmencita,8967,2065
Keelia,6672,2070
Roz,1446,2089
Mathilda,6396,2093
Elfreda,8377,2143
Bobinette,1086,2149
Corly,7069,2161
Marnia,7033,2161
Tina,5119,2196
Dagmar,4736,2203
Averyl,834,2215
Frank,4144,2222
Tabbatha,4871,2223
Riannon,2770,2228
Henriette,2685,2231
Allis,7548,2234
Lorenza,4223,2244
Starla,9964,2246
Fayre,928,2253
Fanchon,8531,2272
Myrtice,7914,2272
Tierney,8413,2287
Pamella,7342,2301
Rosaline,945,2305
Janenna,2310,2318
Pierette,6452,2319
Belva,5414,2321
Natka,9570,2335
Suzette,1920,2338
Courtnay,8340,2342
Tani,6602,2343
Giustina,846,2351
Blondelle,3064,2352
Merle,5810,2355
Frank,5423,2358
Helsa,1161,2359
Kimberley,7369,2366
Cherrita,5135,2379
Aubrie,7393,2390
Lila,8225,2401
Elmira,6060,2418
Emmey,7897,2426
Josephine,2968,2427
Doralynne,9641,2437
Queenie,1271,2446
Lynea,1865,2453
Jany,7857,2467
Florie,699,2469
Amara,808,2472
Trixi,9530,2479
Kylynn,3633,2486
Marjie,5563,2488
Jere,8880,2494
Hettie,9203,2500
Mamie,3079,2512
Stephanie,1030,2526
Candi,4639,2532
Madalyn,8865,2536
Gilda,2412,2537
Sallie,1545,2539
Mureil,5360,2541
Jillayne,1336,2550
Rozele,3281,2554
Carol-Jean,2211,2571
Courtnay,4938,2579
Pierette,6208,2604
Jordan,4309,2614
Roslyn,2918,2619
Anestassia,8213,2635
Benita,2256,2695
Fredericka,9763,2696
Bertine,1602,2698
Bobbi,3830,2698
Chloris,881,2700
Libbie,6661,2705
Lanna,5998,2717
Maridel,8309,2720
Alyda,3961,2723
Ketti,8389,2725
Katuscha,4855,2726
Gertrud,8779,2747
Merrie,6810,2750
Jenda,3114,2751
Alejandra,4402,2753
Keelia,8450,2758
Alyssa,9182,2777
Carly,6085,2779
Eugine,2760,2794
Moyna,9240,2815
Reeba,1140,2816
Feliza,4707,2818
Merle,6207,2832
Brynna,878,2833
Sharlene,7838,2845
Alyda,8231,2852
Dione,1562,2857
Cristabel,7273,2869
Natka,8807,2871
Aubrie,4899,2888
Kathi,5463,2889
Leontine,6436,2889
Deedee,628,2893
Leona,3216,2924
Lindie,4595,2947
Oona,3979,2947
Petronia,9603,2950
Livvyy,1054,2951
Anica,9541,3016
Dale,9548,3018
Amalie,2361,3024
Tracey,6287,3050
Sam,6537,3053
Maye,1352,3055
Raina,8554,3078
Michaelina,1783,3081
Marti,2472,3087
Merrie,8455,3098
Elka,5896,3134
Regina,9632,3149
Cassandra,8513,3155
Carly,8571,3201
Dyann,3753,3206
Genovera,2399,3208
Tani,1641,3210
Donnie,2341,3236
Roberta,7214,3240
Dode,9883,3251
Cristine,2811,3268
Theodora,2470,3279
Libbie,7191,3282
Fredericka,3207,3293
Rivalee,2016,3303
Ardenia,5245,3305
Linzy,3802,3310
Jere,2832,3311
Gwyneth,9964,3316
Konstance,4905,3326
Cissiee,3392,3333
Feliza,8070,3354
Carilyn,5898,3364
Pamella,6123,3365
Kalina,2918,3375
Layla,6997,3390
Vere,7863,3397
Atlanta,2117,3400
Beverley,5624,3429
Liana,5171,3429
Elise,4916,3434
Selia,8745,3436
Wanda,8966,3439
Leia,4483,3453
Aimil,2866,3493
Kathi,8064,3495
Luci,6296,3496
Dorothy,9091,3514
Katharina,5249,3518
Cyb,680,3545
Tierney,3198,3549
Imojean,1265,3554
Romona,3800,3558
Teriann,4464,3559
Maryellen,4358,3561
Gratia,918,3574
Linzy,7764,3574
Sandie,2970,3575
Selia,3201,3578
Dennie,4951,3580
Dolli,4242,3580
Dania,2522,3596
Fred,7337,3604
Yetty,3540,3610
Mureil,1153,3618
Emylee,3929,3628
Susette,7994,3637
Olivette,1230,3644
Alia,4589,3657
Sybille,6045,3683
Kaja,2253,3696
Evaleen,2378,3728
Christal,9322,3739
Melisent,4852,3742
Tilly,5382,3751
Magdalena,810,3766
Lory,2087,3769
Alia,2857,3774
Lanae,1317,3778
Kore,6361,3793
Krystle,5379,3798
Petronia,8682,3805
Mallory,3462,3808
Moyna,7625,3825
Binny,9353,3826
Gabriellia,4812,3847
Lulita,1870,3847
Wynne,5356,3860
Lorie,880,3876
Ardys,9639,3893
Madeleine,2444,3902
Kylynn,1868,3923
Amelia,1762,3936
Rhoda,4868,3942
Ninnetta,9707,3958
Tiffie,7344,3959
Inga,2722,3987
Hildegaard,5552,3995
Nollie,6934,3995
Keelia,9751,4000
Mathilda,9232,4019
Lindie,6801,4027
Petronia,6925,4036
Merry,5521,4039
Marleah,505,4047
Carolina,2507,4050
Corene,9868,4052
Emilia,3060,4065
Eve,2906,4077
Cam,7276,4085
Andree,1442,4112
Asia,656,4116
Clary,1185,4119
Bertine,9260,4123
Margarette,2565,4138
Gwyneth,9091,4154
Jacquetta,7581,4155
Sandie,1132,4190
Annora,8114,4216
Chere,1011,4225
Veda,8223,4225
Tierney,1532,4230
Alexine,4062,4250
Jacquetta,6031,4262
Lily,844,4275
Arabel,9294,4280
Renie,5648,4281
Eve,2723,4287
Amalie,1319,4295
Nita,1529,4297
Evaleen,939,4305
Addia,9505,4306
Averyl,4553,4310
Gianina,9054,4337
Riannon,4914,4338
Celestyna,6296,4343
Tamqrah,8097,4345
Kimmy,974,4356
Berget,7695,4363
Jennica,6181,4373
Deedee,6825,4399
Ileana,1968,4404
Harrietta,2670,4406
Roberta,6092,4406
Tobe,9497,4406
Juliane,5741,4456
Tiffie,1827,4458
Lory,3068,4464
Elora,2317,4469
Jere,5128,4481
Clementine,6231,4504
Flo,1508,4504
Diena,4614,4513
Darlleen,3701,4518
Jasmina,2461,4519
Joane,5517,4530
Sheree,7192,4540
Aili,1958,4541
Zaria,9190,4541
Natka,1243,4583
Jacenta,1384,4584
Anallese,2713,4594
Elyssa,3191,4596
Laurene,5397,4602
Layla,9919,4615
Nelle,3078,4632
Henriette,2709,4642
Carolina,8727,4652
Lacie,9134,4665
Arabel,4738,4680
Lizzie,4783,4681
Korrie,6951,4685
Emma,7750,4690
Arlena,9862,4691
Winifred,4679,4722
Tatiania,1702,4739
Roxane,8230,4740
Rubie,5376,4747
Vevay,7440,4754
Shandie,1432,4761
Rhea,9436,4769
Abbie,1033,4773
Marti,3241,4776
Phylis,4387,4802
Ezmeralda,4640,4817
Melodie,3357,4844
Vanessa,4243,4846
Linet,8689,4860
Carly,7199,4874
Kayla,7726,4882
Jere,7578,4884
Wilma,9200,4888
Penelopa,3243,4889
Livvyy,1625,4917
Therine,2337,4919
Lorie,6196,4922
Rayna,3694,4928
Annice,2933,4946
Lisette,1747,4948
Donetta,8462,4949
Dulce,5411,4957
Ana,1575,4969
Augustine,5460,4974
Zia,2432,5005
Ebonee,3555,5014
Eadie,3381,5018
Winny,5385,5026
Atlanta,532,5027
Linzy,4316,5028
Carilyn,5367,503
Robinia,2214,503
Myriam,9653,5030
Adriana,2642,5045
Gilda,9894,5060
Libbie,6943,5076
Barbi,4365,5105
Benita,5996,5105
Kirbee,5594,5117
Jordan,1646,5131
Mara,3389,5142
Elmira,1288,5144
Claudina,2600,5151
Carilyn,6575,5165
Georgina,3780,5167
Ardenia,3848,5171
Melanie,9196,5186
Silvana,3113,5196
Cathyleen,6767,5216
Chickie,1113,5219
Ardenia,1356,522
Edyth,2145,5221
Desirae,6923,5225
Althea,7105,5226
Claresta,585,5230
Nickie,5484,5241
Corene,632,528
Elbertina,668,528
Bobbi,3917,5282
Tonia,7624,5289
Annaliese,2527,5297
Riannon,6332,5308
Dorthy,4291,5316
Darci,9755,5353
Felice,9739,5357
Vere,3351,5361
Kamilah,6773,5362
Tori,2773,5368
Deane,3141,5369
Jordan,4880,5370
Meg,3522,5381
Yolane,2760,5382
Stevana,1145,5395
Ebonee,9940,540
Marguerite,8122,5404
Belinda,4520,5410
Shaylyn,7622,5410
Orelia,1458,543
Meg,9464,5443
Alia,2536,5484
Kimberley,8403,5492
Sophia,4816,5496
Goldie,1238,5503
Annice,781,5505
Heida,1054,5506
Kaia,2241,5510
Lila,9802,5510
Tersina,9761,5525
Ethel,6384,5538
Max,7802,5545
Mamie,8904,5549
Alleen,8322,5553
Alyssa,8398,5573
Yolane,7842,5577
Kenna,7531,559
Tressa,3742,5594
Lilith,9845,5615
Letizia,7902,5639
Dolli,5082,5644
Roslyn,7717,5655
Gwyneth,3126,5656
Margalo,6604,5658
Diena,3368,5669
Tressa,5054,5693
Roslyn,7167,5702
Tonia,6341,5707
Deane,9998,571
Felice,3899,571
Alex,3861,5719
Max,1191,5727
Leia,2068,5767
Lyssa,9814,5769
Rubie,3069,579
Cyb,8677,5806
Jacquetta,5665,5813
Brianna,2041,5816
Dacia,1711,5820
Misha,2415,5827
Raina,5066,5840
Britte,2616,5879
Robinia,4138,5882
Kary,3248,5884
Kirstin,5409,5887
Jorry,4944,5888
Hallie,3956,5894
Rosene,5873,5905
Inga,1479,5912
Jacquetta,2751,5918
Chrystel,3314,5927
Suzette,2534,5928
Sadie,1082,5955
Joeann,6886,5958
Ivett,2111,5960
Yolane,7918,5962
Shandie,9155,5981
Caressa,1184,5998
Lusa,6522,5998
Anestassia,7258,6000
Stacey,1040,6009
Liana,7960,6011
Kore,2032,6013
Dacia,7406,6024
Chrystel,5013,603
Tressa,8110,6034
Edyth,3903,6051
Alia,8891,6064
Tiffie,8822,6066
Viviene,7857,6077
Romona,2421,6094
Edith,2182,6096
Karena,9910,6120
Mahalia,6181,6120
Kamilah,8074,6122
Mallory,1432,6140
Vonny,5754,6148
Celisse,9265,6153
Lyssa,4997,6155
Coral,6670,6163
Riannon,7969,617
Emylee,1920,6177
Trixi,7163,6185
Oona,7816,6186
Jenilee,4749,6193
Cherrita,4945,6196
Eolanda,2046,6199
Lorie,7762,6207
Etta,3078,6216
Sidoney,8652,622
Gilda,7799,6261
Dagmar,6381,6262
Latisha,1165,6273
Clary,8993,6275
Caressa,3811,632
Moyna,3770,6329
Binny,3733,6348
Andeee,2857,6351
Maye,5553,6351
Merrie,8379,6354
Rosabelle,7880,6377
Gabi,9058,6379
Rochette,7126,638
Ebonee,5667,6381
Tierney,4692,6386
Romona,6344,6387
Vanessa,3893,6390
Andeee,8724,6392
Millie,9667,6396
Helsa,2655,6404
Annecorinne,9612,6413
Moyna,1099,6415
Agnese,5942,6419
Debee,4852,6449
Charlena,6172,6450
Donetta,1215,6457
Cissiee,6354,6459
Marti,1126,646
Carol-Jean,7819,6479
Eadie,5667,6483
Clarice,4049,6487
Jaime,1471,6509
Shel,6284,6517
Raquela,6584,652
Emylee,4632,6526
Susan,7562,6529
Sandie,8404,6530
Morganica,5902,6542
Marti,3647,6551
Melina,6864,656
Georgina,6895,6567
Ardys,1040,6568
Carmencita,2597,6571
Carilyn,3628,6574
Kenna,8145,6607
Margalo,1027,663
Mamie,8470,6631
Nessie,6459,6634
Deirdre,6308,6641
Willetta,6231,6642
Silvana,8783,6645
Theodora,7267,6647
Roberta,1786,6655
Vonny,3581,6667
Rhea,2495,6669
Courtnay,4849,6673
Jacenta,1311,6674
Corene,4994,6678
Trixi,6361,6696
Stevana,8489,6707
Tomasina,6807,6709
Joeann,8015,6722
Suzette,6736,6726
Shaylyn,2510,6763
Evaleen,4509,6767
Halette,2301,6776
Dorothy,9377,6779
Nita,2799,679
Rori,6767,679
Brooks,6053,6801
Catharine,8940,6808
Isa,6740,6822
Elfreda,6318,6836
Myrtice,3831,6836
Pamella,1473,6839
Violet,4114,685
Hyacinthe,6277,6855
Viviene,3784,6873
Janis,9027,6875
Audrie,1562,6907
Rreliza,5676,691
Bill,4670,6911
Tilly,9030,6925
Lorenza,2012,6945
Ezmeralda,3822,6956
Rori,9528,6959
Anthia,9879,6963
Lulita,5383,6965
Britte,2351,6972
Emelina,2319,698
Feliza,5576,6991
Bill,3075,6998
Dorice,826,7018
Karolina,7356,7021
Caressa,5911,7035
Meghann,8282,7040
Fred,1009,7050
Darci,3959,7058
Zaria,501,7061
Edee,4803,7068
Elyssa,8062,7077
Loree,9218,7090
Shandie,4261,7091
Lynea,8135,7095
Courtnay,3512,7103
Britni,9991,7118
Rivalee,9238,7120
June,4500,7121
Chickie,2241,7129
Peri,4944,7140
Dominga,8311,7158
Ann-Marie,4014,7163
Desirae,6935,7167
Gaylene,2036,7168
Valeda,6268,718
Deedee,4700,7185
Ermengarde,4765,7192
Emma,3354,7193
Ronna,4182,7228
Kirstin,7770,7229
Berget,9442,7230
Clary,945,7238
Blinni,1158,7253
Max,5069,7259
Christy,9621,7283
Jan,7774,7285
Corry,2670,7292
Jobi,3744,7300
Florencia,7683,7301
Deane,4108,7302
Joleen,5245,7319
Darci,2460,7321
Mamie,7010,7327
Mariele,3907,7345
Kerrin,2812,7364
Deane,2768,7387
Damaris,3520,7400
Jemie,8501,7415
Yetty,8307,7424
Molli,5471,7425
Coral,964,7437
Jasmina,1485,7441
Albertina,3840,7449
Andeee,8356,7453
Orsola,6103,7454
Aurelie,3084,7464
Clary,2679,747
Noelle,8447,7470
Gabriellia,7408,7473
Lulita,8020,7473
Georgetta,7338,7476
Kara-Lynn,1910,7479
Belva,7558,7484
Charlena,6071,7487
Elora,3779,7492
Betta,4349,7493
Cristabel,3647,7493
Nickie,7793,7498
Oralee,6567,7510
Blake,5573,7520
Shaine,1553,7522
Louella,5249,7555
Briney,8083,7557
Louella,1625,7559
Kelly,4477,7575
Myrtice,2452,7576
Addia,6251,7579
Nelle,6126,7585
Nessie,2370,7600
Annabela,1054,7605
Deedee,9478,7619
Annecorinne,7024,7633
Kial,8431,7635
Catharine,7322,7652
Latisha,3262,7656
Gui,8765,7659
Joleen,8601,7673
Roseline,9845,7675
Cathyleen,4036,7682
Willetta,9817,7682
Nikki,1770,7684
Marline,2858,7708
Sam,8111,7709
Lulita,8926,771
Ivett,2093,7716
Belva,7843,7720
Tori,3088,7732
Madelle,7773,7738
Sissy,6500,7741
Tersina,4949,7741
Atlanta,1003,7747
Calla,9188,7754
Glenda,6209,7766
Demetris,2953,7773
Bettine,2895,7781
Jessamyn,7765,7797
Susan,1609,7799
Maisey,9091,7838
Kimberley,2181,7845
Vivia,7569,7849
Pamella,907,7852
Gerianna,8590,7853
Gianina,2765,7879
Elbertina,4145,788
Jolyn,4124,7892
Kary,659,7896
Laurene,8591,7896
Orelia,6552,7908
Kial,9845,7915
Jsandye,9984,7918
Roseline,8682,7925
Kelly,7649,7952
Emylee,2590,7955
Jan,3458,7962
Meriel,7731,7978
Glynnis,6757,7981
Orelia,8119,7993
Gratia,9867,8014
Consuela,6627,8038
Constance,4965,8049
Rozele,9097,8057
Molli,5814,8061
Kelly,7398,8077
Tori,794,8085
Adelle,5842,8093
Arabel,5546,8096
Priscilla,6505,8109
Julieta,4110,8127
Collen,8103,8130
Maurene,8089,8133
Charmaine,9444,8140
Karolina,546,8157
Rubie,7089,8169
Thalia,6407,8183
Fredericka,8421,8194
Karena,8007,8198
Moyna,1530,8205
Ekaterina,2823,8223
Georgetta,2663,8231
Meghann,9315,8251
Mallory,8921,8274
Jany,4352,8279
Helena,7496,8283
Netty,9139,829
Jennica,562,8294
Marita,4011,8294
Frank,4860,8306
Marjie,9029,8327
Alex,7685,8332
Karly,8989,834
Mahalia,9894,8363
Sue,1409,839
Genevra,7787,8392
Roseline,1234,8399
Tersina,7534,840
Cordi,3331,8402
Danny,1513,8404
Sadie,3269,8408
Shaine,7856,841
Adore,7424,8459
Norine,6723,8459
Adore,1484,8477
Genovera,3613,8482
Lorie,5145,8482
Viviene,6961,8483
Marylou,6845,849
Adele,9628,8522
Flo,1552,8530
Natka,6980,854
Tiffie,8735,8544
Madeleine,8996,8549
Pollyanna,7175,8549
Hettie,4671,8554
Barbara,3570,8568
Kathi,4644,8575
Augustine,4864,8586
Brana,3297,8602
Candi,6161,8611
Tera,2097,8623
Malina,4593,8629
Gilda,5042,8631
Vere,3767,8644
Chere,1163,8676
Merle,5056,8676
Odessa,7181,8685
Ginnie,1621,8694
Viki,8836,8694
Krystle,6880,8696
Brynna,2158,8700
Maryellen,5710,8703
Cyb,8047,8725
Ronna,3641,8737
Gwenneth,7920,8740
Mady,4942,8750
Marcelline,3473,8775
Blondelle,1351,879
Sonni,1350,8791
Karena,9374,8795
Cassondra,4625,8803
Gerrie,2701,8806
Lizzie,812,8806
Willetta,5510,8816
Donetta,9483,8827
Beatriz,9626,8830
Judy,6616,8832
Albertina,6296,8838
Teddie,4117,884
Bobbi,2415,8856
Celestyna,6752,8857
Sindee,6937,8864
Tiffie,1745,8921
Elyssa,4687,8984
Daune,1827,8988
Clarice,9967,8993
Claresta,7931,8995
Jennica,6608,9001
Babita,7626,9003
Valli,2791,9005
Cissiee,9057,9007
Morganica,3127,901
Caryl,7673,9019
Ethel,5446,9025
Claresta,8735,903
Flo,1283,9035
Aryn,4255,9040
Shauna,8254,9049
Brana,2207,9053
Dania,9572,9057
Therine,2821,907
Viki,4688,9077
Averyl,9970,9082
Alia,3727,9096
Dania,7831,9114
Gaylene,7993,9115
Harmonia,8331,913
Krystle,3549,9147
Emmey,1070,9150
Kamilah,9032,9151
Dulcinea,2796,9156
Ana,9744,916
Sidoney,8782,9171
Johna,6986,9203
Dawn,1924,9225
Catharine,851,9229
Pierette,6179,9234
Suzette,8556,9237
Melodie,6269,9238
Tersina,721,9242
Dania,2059,9264
Zaria,1418,9274
Rubie,9860,9285
Glenda,9225,9298
Talya,1793,9305
Orelia,7312,9328
Rivalee,915,9341
Glenda,3441,9353
Mara,4237,9356
Christian,7980,9360
Monika,4793,9363
Mireielle,6427,9371
Jessy,8414,9375
Arlina,4840,9384
Jsandye,6135,9385
Diena,2853,9390
Constance,9577,9396
Elie,5960,9416
Maisey,2281,9417
Dale,6242,9422
Bertine,9444,9423
Cyndie,2044,9436
Sandie,564,9445
Sharai,6464,9456
Alameda,5561,9462
Therine,6584,9472
Dale,6323,9489
Patricia,8016,9510
Candy,979,9520
Trudie,2394,9521
Alexine,8658,9528
Harrietta,4329,953
Mady,7612,9551
Brianna,1334,9558
Lyssa,7912,9559
Sybille,1014,9563
Vere,6662,9563
Odessa,6078,9579
Alex,1997,9585
Sarette,3371,9587
Gertrud,5883,9603
Edyth,2490,9632
Raquela,3614,9634
Jenda,5017,9654
Orsola,9314,9661
Xylina,1507,9666
Lonnie,1629,9674
Tarra,6653,9690
Jennica,6633,9699
Renie,9598,9700
Sybille,9002,9717
Rosabelle,9084,9723
Blinni,3578,9725
Ekaterina,8707,9727
Frances,2799,9741
Claudina,3268,9751
Trudie,1209,9763
Janis,3639,9764
Bee,4702,9775
Kenna,6634,9778
Liana,4227,9781
Emilia,8085,9782
Sandie,6403,9785
Theodora,6092,9786
Mathilda,5876,9791
Zaria,2298,9804
Dyann,1900,9809
Lanae,5038,981
Lila,3009,9822
Gwenneth,3316,9830
Michaelina,6501,9837
Ketti,4856,9849
Devina,1233,9850
Jerry,4517,9856
Alyda,4206,9866
Karena,3476,988
Latisha,4420,9883
Anestassia,8785,9887
Barbi,556,9892
Johna,9786,9895
Teddie,5769,9912
Dorthy,8223,9913
Maisey,9651,9913
Kate,8492,992
Rosanne,3748,9934
Mariele,2003,9944
Dede,5564,9964
Karina,4680,9964
Hollie,9767,9979
Morganica,8349,9979
Rosabelle,6525,9998
