Zaria,501,7061
Marleah,505,4047
Atlanta,532,5027
Karolina,546,8157
Barbi,556,9892
Jennica,562,8294
Sandie,564,9445
Claresta,585,5230
Deedee,628,2893
Corene,632,528
Nicoli,645,1836
Asia,656,4116
Kary,659,7896
Elbertina,668,528
Cyb,680,3545
Berta,694,1190
Florie,699,2469
Mureil,705,1166
Thalia,707,1890
Tersina,721,9242
Alex,761,1780
Annice,781,5505
Tori,794,8085
Janis,800,1327
Amara,808,2472
Magdalena,810,3766
Lizzie,812,8806
Allis,822,1992
Dorice,826,7018
Averyl,834,2215
Lily,844,4275
Giustina,846,2351
Catharine,851,9229
Brynna,878,2833
Lorie,880,3876
Chloris,881,2700
Pamella,907,7852
Rivalee,915,9341
Gratia,918,3574
Fayre,928,2253
Evaleen,939,4305
Rosaline,945,2305
Clary,945,7238
Coral,964,7437
Kimmy,974,4356
Candy,979,9520
Lita,985,2058
Atlanta,1003,7747
Fred,1009,7050
Chere,1011,4225
Sybille,1014,9563
Margalo,1027,663
Stephanie,1030,2526
Abbie,1033,4773
Stacey,1040,6009
Ardys,1040,6568
Nadine,1052,1444
Livvyy,1054,2951
Heida,1054,5506
Annabela,1054,7605
Emmey,1070,9150
Sadie,1082,5955
Bobinette,1086,2149
Lita,1092,1399
Moyna,1099,6415
Chickie,1113,5219
Lorie,1121,1853
Marti,1126,646
Sandie,1132,4190
Reeba,1140,2816
Stevana,1145,5395
Mureil,1153,3618
Lonnie,1157,1970
Blinni,1158,7253
Helsa,1161,2359
Chere,1163,8676
Latisha,1165,6273
Elora,1172,1783
Caressa,1184,5998
Clary,1185,4119
Max,1191,5727
Trudie,1209,9763
Di,1213,1067
Donetta,1215,6457
Olivette,1230,3644
Devina,1233,9850
Roseline,1234,8399
Goldie,1238,5503
Natka,1243,4583
Imojean,1265,3554
Queenie,1271,2446
Flo,1283,9035
Elmira,1288,5144
Celene,1290,1006
Lisette,1301,1286
Jacenta,1311,6674
Lanae,1317,3778
Amalie,1319,4295
Brianna,1334,9558
Jillayne,1336,2550
Sonni,1350,8791
Blondelle,1351,879
Maye,1352,3055
Ardenia,1356,522
Jacenta,1384,4584
Tani,1400,1924
Sue,1409,839
Zaria,1418,9274
Shandie,1432,4761
Mallory,1432,6140
Andree,1442,4112
Roz,1446,2089
Orelia,1458,543
Jaime,1471,6509
Pamella,1473,6839
Inga,1479,5912
Adore,1484,8477
Jasmina,1485,7441
Xylina,1507,9666
Flo,1508,4504
Danny,1513,8404
Nita,1529,4297
Moyna,1530,8205
Tierney,1532,4230
Pamella,1540,1828
Sallie,1545,2539
Dominga,1549,1954
Flo,1552,8530
Shaine,1553,7522
Dione,1562,2857
Audrie,1562,6907
Ana,1575,4969
Augustine,1586,1712
Bertine,1602,2698
Susan,1609,7799
Ginnie,1621,8694
Livvyy,1625,4917
Louella,1625,7559
Lonnie,1629,9674
Kaja,1640,1339
Tani,1641,3210
Ida,1643,1454
Jordan,1646,5131
Tatiania,1702,4739
Dacia,1711,5820
Tiffie,1745,8921
Lisette,1747,4948
Amelia,1762,3936
Donnie,1765,1272
Liana,1766,1141
Nikki,1770,7684
Michaelina,1783,3081
Roberta,1786,6655
Talya,1793,9305
Taffy,1826,1172
Tiffie,1827,4458
Daune,1827,8988
Elsie,1841,1466
Lynea,1865,2453
Kylynn,1868,3923
Lulita,1870,3847
Dyann,1900,9809
Kara-Lynn,1910,7479
Margette,1912,1679
Suzette,1920,2338
Emylee,1920,6177
Dawn,1924,9225
Jobi,1926,1644
Aili,1958,4541
Ileana,1968,4404
Alex,1997,9585
Mariele,2003,9944
Lorenza,2012,6945
Rivalee,2016,3303
Kore,2032,6013
Gaylene,2036,7168
Brianna,2041,5816
Lonnie,2043,1119
Cyndie,2044,9436
Eolanda,2046,6199
Dania,2059,9264
Leia,2068,5767
Lory,2087,3769
Ivett,2093,7716
Kimberley,2095,1026
Tera,2097,8623
Ivett,2111,5960
Atlanta,2117,3400
Cam,2145,1597
Edyth,2145,5221
Charmaine,2147,1584
Brynna,2158,8700
Kimberley,2181,7845
Edith,2182,6096
Deane,2199,1351
Brana,2207,9053
Gerianna,2209,2051
Carol-Jean,2211,2571
Robinia,2214,503
Kaia,2241,5510
Chickie,2241,7129
Babita,2250,1358
Kaja,2253,3696
Benita,2256,2695
Cristabel,2259,1606
Maisey,2281,9417
Zaria,2298,9804
Halette,2301,6776
Janenna,2310,2318
Elora,2317,4469
Emelina,2319,698
Therine,2337,4919
Donnie,2341,3236
Britte,2351,6972
Amalie,2361,3024
Nessie,2370,7600
Evaleen,2378,3728
Trudie,2394,9521
Genovera,2399,3208
Marleah,2409,1936
Gilda,2412,2537
Misha,2415,5827
Bobbi,2415,8856
Romona,2421,6094
Zia,2432,5005
Madeleine,2444,3902
Myrtice,2452,7576
Darci,2460,7321
Jasmina,2461,4519
Theodora,2470,3279
Marti,2472,3087
Edyth,2490,9632
Rhea,2495,6669
Carolina,2507,4050
Shaylyn,2510,6763
Dania,2522,3596
Annaliese,2527,5297
Suzette,2534,5928
Alia,2536,5484
Margarette,2565,4138
Emylee,2590,7955
Carmencita,2597,6571
Claudina,2600,5151
Tybie,2611,1005
Britte,2616,5879
Augustine,2619,1051
Adriana,2642,5045
Helsa,2655,6404
Georgetta,2663,8231
Harrietta,2670,4406
Corry,2670,7292
Clary,2679,747
Maryellen,2681,1242
Henriette,2685,2231
Gerrie,2701,8806
Henriette,2709,4642
Anallese,2713,4594
Inga,2722,3987
Eve,2723,4287
Jacquetta,2751,5918
Darlleen,2757,1456
Eugine,2760,2794
Yolane,2760,5382
Gianina,2765,7879
Deane,2768,7387
Riannon,2770,2228
Tori,2773,5368
Valli,2791,9005
Dulcinea,2796,9156
Nita,2799,679
Frances,2799,9741
Cristine,2811,3268
Kerrin,2812,7364
Therine,2821,907
Ekaterina,2823,8223
Jere,2832,3311
Diena,2853,9390
Alia,2857,3774
Andeee,2857,6351
Marline,2858,7708
Andree,2864,1060
Aimil,2866,3493
Bettine,2895,7781
Eve,2906,4077
Roslyn,2918,2619
Kalina,2918,3375
Annice,2933,4946
Tracey,2939,1210
Demetris,2953,7773
Josephine,2968,2427
Sandie,2970,3575
Dotty,3006,1708
Lila,3009,9822
Gaylene,3040,1795
Emilia,3060,4065
Blondelle,3064,2352
Justinn,3065,1480
Lory,3068,4464
Rubie,3069,579
Bill,3075,6998
Nelle,3078,4632
Etta,3078,6216
Mamie,3079,2512
Aurelie,3084,7464
Tori,3088,7732
Silvana,3113,5196
Jenda,3114,2751
Gwyneth,3126,5656
Morganica,3127,901
Deane,3141,5369
Elyssa,3191,4596
Tierney,3198,3549
Selia,3201,3578
Fredericka,3207,3293
Leona,3216,2924
Marti,3241,4776
Penelopa,3243,4889
Kary,3248,5884
Latisha,3262,7656
Claudina,3268,9751
Sadie,3269,8408
Rozele,3281,2554
Brana,3297,8602
Chrystel,3314,5927
Gwenneth,3316,9830
Cordi,3331,8402
Vere,3351,5361
Emma,3354,7193
Melodie,3357,4844
Sandie,3359,1942
Diena,3368,5669
Sarette,3371,9587
Eadie,3381,5018
Mara,3389,5142
Cissiee,3392,3333
Glenda,3441,9353
Jan,3458,7962
Mallory,3462,3808
Marcelline,3473,8775
Karena,3476,988
Courtnay,3512,7103
Damaris,3520,7400
Meg,3522,5381
Yetty,3540,3610
Concettina,3544,1069
Krystle,3549,9147
Ebonee,3555,5014
Barbara,3570,8568
Farrah,3576,2058
Blinni,3578,9725
Vonny,3581,6667
Genovera,3613,8482
Raquela,3614,9634
Cam,3621,1332
Carilyn,3628,6574
Kylynn,3633,2486
Janis,3639,9764
Ronna,3641,8737
Marti,3647,6551
Cristabel,3647,7493
Rayna,3694,4928
Darlleen,3701,4518
Alia,3727,9096
Binny,3733,6348
Tressa,3742,5594
Jobi,3744,7300
Rosanne,3748,9934
Dyann,3753,3206
Vere,3767,8644
Moyna,3770,6329
Elora,3779,7492
Georgina,3780,5167
Viviene,3784,6873
Romona,3800,3558
Linzy,3802,3310
Caressa,3811,632
Ezmeralda,3822,6956
Bobbi,3830,2698
Myrtice,3831,6836
Albertina,3840,7449
Ardenia,3848,5171
Alex,3861,5719
Brandise,3868,1651
Vanessa,3893,6390
Felice,3899,571
Veda,3902,1038
Edyth,3903,6051
Mariele,3907,7345
Bobbi,3917,5282
Emylee,3929,3628
Alisha,3955,1690
Hallie,3956,5894
Darci,3959,7058
Alyda,3961,2723
Farrah,3970,1384
Oona,3979,2947
Marita,4011,8294
Ann-Marie,4014,7163
Cathyleen,4036,7682
Clarice,4049,6487
Alexine,4062,4250
Deane,4108,7302
Julieta,4110,8127
Violet,4114,685
Teddie,4117,884
Jolyn,4124,7892
Robinia,4138,5882
Frank,4144,2222
Elbertina,4145,788
Ronna,4182,7228
Alyda,4206,9866
Lorenza,4223,2244
Liana,4227,9781
Mara,4237,9356
Dolli,4242,3580
Vanessa,4243,4846
Aryn,4255,9040
Shandie,4261,7091
Dominga,4271,1966
Fernande,4289,1722
Dorthy,4291,5316
Patricia,4293,1058
Jordan,4309,2614
Linzy,4316,5028
Harrietta,4329,953
Carlie,4329,1944
Betta,4349,7493
Jany,4352,8279
Maryellen,4358,3561
Barbi,4365,5105
Dorothy,4383,1099
Phylis,4387,4802
Alejandra,4402,2753
Latisha,4420,9883
Teriann,4464,3559
Suzette,4465,1142
Kelly,4477,7575
Leia,4483,3453
June,4500,7121
Evaleen,4509,6767
Jerry,4517,9856
Belinda,4520,5410
Averyl,4553,4310
Frieda,4577,1370
Alia,4589,3657
Malina,4593,8629
Lindie,4595,2947
Diena,4614,4513
Cassondra,4625,8803
Emylee,4632,6526
Candi,4639,2532
Ezmeralda,4640,4817
Kathi,4644,8575
Bill,4670,6911
Hettie,4671,8554
Winifred,4679,4722
Karina,4680,9964
Elyssa,4687,8984
Viki,4688,9077
Tierney,4692,6386
Deedee,4700,7185
Bee,4702,9775
Feliza,4707,2818
Roxane,4720,1060
Dagmar,4736,2203
Arabel,4738,4680
Jenilee,4749,6193
Fawne,4753,1083
Ermengarde,4765,7192
Lizzie,4783,4681
Monika,4793,9363
Edee,4803,7068
Gabriellia,4812,3847
Sophia,4816,5496
Arlina,4840,9384
Courtnay,4849,6673
Melisent,4852,3742
Debee,4852,6449
Katuscha,4855,2726
Ketti,4856,9849
Frank,4860,8306
Augustine,4864,8586
Rhoda,4868,3942
Tabbatha,4871,2223
Jordan,4880,5370
Aubrie,4899,2888
Konstance,4905,3326
Jillayne,4913,1929
Riannon,4914,4338
Elise,4916,3434
Courtnay,4938,2579
Mady,4942,8750
Jorry,4944,5888
Peri,4944,7140
Cherrita,4945,6196
Tersina,4949,7741
Dennie,4951,3580
Constance,4965,8049
Corene,4994,6678
Lyssa,4997,6155
Chrystel,5013,603
Jenda,5017,9654
Lanae,5038,981
Gilda,5042,8631
Tressa,5054,5693
Merle,5056,8676
Raina,5066,5840
Max,5069,7259
Dolli,5082,5644
Bee,5116,1658
Tina,5119,2196
Jere,5128,4481
Cherrita,5135,2379
Lorie,5145,8482
Liana,5171,3429
Ardenia,5245,3305
Joleen,5245,7319
Katharina,5249,3518
Louella,5249,7555
Flo,5311,1742
Sheelagh,5347,1284
Wynne,5356,3860
Mureil,5360,2541
Carilyn,5367,503
Rubie,5376,4747
Krystle,5379,3798
Tilly,5382,3751
Lulita,5383,6965
Winny,5385,5026
Laurene,5397,4602
Kirstin,5409,5887
Dulce,5411,4957
Belva,5414,2321
Frank,5423,2358
Ethel,5446,9025
Augustine,5460,4974
Kathi,5463,2889
Molli,5471,7425
Nickie,5484,5241
Willetta,5510,8816
Joane,5517,4530
Merry,5521,4039
Arabel,5546,8096
Hildegaard,5552,3995
Maye,5553,6351
Alameda,5561,9462
Marjie,5563,2488
Dede,5564,9964
Blake,5573,7520
Feliza,5576,6991
Robbi,5592,1387
Kirbee,5594,5117
Beverley,5624,3429
Renie,5648,4281
Jacquetta,5665,5813
Helsa,5666,1622
Ebonee,5667,6381
Eadie,5667,6483
Rreliza,5676,691
Maryellen,5710,8703
Juliane,5741,4456
Vonny,5754,6148
Teddie,5769,9912
Merle,5810,2355
Molli,5814,8061
Elie,5817,1528
Kaja,5825,1567
Fanny,5830,1750
Adelle,5842,8093
Rosene,5873,5905
Mathilda,5876,9791
Gertrud,5883,9603
Elka,5896,3134
Carilyn,5898,3364
Morganica,5902,6542
Caressa,5911,7035
Agnese,5942,6419
Elie,5960,9416
Benita,5996,5105
Lanna,5998,2717
Nannie,6023,1108
Jacquetta,6031,4262
Jorry,6035,2011
Lauryn,6036,1551
Sybille,6045,3683
Brooks,6053,6801
Elmira,6060,2418
Charlena,6071,7487
Odessa,6078,9579
Carly,6085,2779
Roberta,6092,4406
Theodora,6092,9786
Orsola,6103,7454
Pamella,6123,3365
Nelle,6126,7585
Jsandye,6135,9385
Candi,6161,8611
Charlena,6172,6450
Pierette,6179,9234
Jennica,6181,4373
Mahalia,6181,6120
Lorie,6196,4922
Merle,6207,2832
Pierette,6208,2604
Glenda,6209,7766
Minda,6227,1366
Clementine,6231,4504
Willetta,6231,6642
Dale,6242,9422
Addia,6251,7579
Valeda,6268,718
Melodie,6269,9238
Hyacinthe,6277,6855
Shel,6284,6517
Tracey,6287,3050
Luci,6296,3496
Celestyna,6296,4343
Albertina,6296,8838
June,6300,1190
Deirdre,6308,6641
Elfreda,6318,6836
Dale,6323,9489
Maurene,6325,1407
Riannon,6332,5308
Tonia,6341,5707
Romona,6344,6387
Cissiee,6354,6459
Kore,6361,3793
Trixi,6361,6696
Dagmar,6381,6262
Ethel,6384,5538
Mathilda,6396,2093
Sandie,6403,9785
Thalia,6407,8183
Jasmina,6427,1939
Mireielle,6427,9371
Leontine,6436,2889
Cissiee,6442,1264
Pierette,6452,2319
Nessie,6459,6634
Sharai,6464,9456
Sissy,6500,7741
Michaelina,6501,9837
Priscilla,6505,8109
Lusa,6522,5998
Rosabelle,6525,9998
Sam,6537,3053
Orelia,6552,7908
Oralee,6567,7510
Carilyn,6575,5165
Mureil,6578,1974
Raquela,6584,652
Therine,6584,9472
Tani,6602,2343
Margalo,6604,5658
Jennica,6608,9001
Judy,6616,8832
Consuela,6627,8038
Addia,6632,1896
Jennica,6633,9699
Kenna,6634,9778
Tarra,6653,9690
Dominga,6658,1221
Libbie,6661,2705
Vere,6662,9563
Coral,6670,6163
Keelia,6672,2070
Norine,6723,8459
Suzette,6736,6726
Isa,6740,6822
Celestyna,6752,8857
Glynnis,6757,7981
Rori,6767,679
Cathyleen,6767,5216
Kamilah,6773,5362
Lindie,6801,4027
Tomasina,6807,6709
Merrie,6810,2750
Deedee,6825,4399
Marylou,6845,849
Melina,6864,656
Krystle,6880,8696
Joeann,6886,5958
Ricky,6893,1714
Georgina,6895,6567
Desirae,6923,5225
Petronia,6925,4036
Nollie,6934,3995
Desirae,6935,7167
Sindee,6937,8864
Libbie,6943,5076
Korrie,6951,4685
Viviene,6961,8483
Natka,6980,854
Johna,6986,9203
Layla,6997,3390
Basia,7003,1226
Mamie,7010,7327
Annecorinne,7024,7633
Marnia,7033,2161
Ronna,7044,1155
Corly,7069,2161
Rubie,7089,8169
Althea,7105,5226
Rochette,7126,638
Trixi,7163,6185
Roslyn,7167,5702
Pollyanna,7175,8549
Odessa,7181,8685
Libbie,7191,3282
Sheree,7192,4540
Carly,7199,4874
Roberta,7214,3240
Anestassia,7258,6000
Theodora,7267,6647
Cristabel,7273,2869
Cam,7276,4085
Orelia,7312,9328
Catharine,7322,7652
Fred,7337,3604
Georgetta,7338,7476
Pamella,7342,2301
Ida,7343,2054
Tiffie,7344,3959
Karolina,7356,7021
Aigneis,7357,1087
Kimberley,7369,2366
Aubrie,7393,2390
Kelly,7398,8077
Dacia,7406,6024
Gabriellia,7408,7473
Shaylyn,7413,1958
Adore,7424,8459
Vevay,7440,4754
Helena,7496,8283
Cecile,7508,1492
Kenna,7531,559
Tersina,7534,840
Allis,7548,2234
Belva,7558,7484
Susan,7562,6529
Vivia,7569,7849
Jere,7578,4884
Jacquetta,7581,4155
Mady,7612,9551
Shaylyn,7622,5410
Tonia,7624,5289
Moyna,7625,3825
Babita,7626,9003
Kelly,7649,7952
Lindie,7662,1241
Caryl,7673,9019
Florencia,7683,7301
Alex,7685,8332
Berget,7695,4363
Roslyn,7717,5655
Kayla,7726,4882
Meriel,7731,7978
Emma,7750,4690
Lorie,7762,6207
Linzy,7764,3574
Jessamyn,7765,7797
Kirstin,7770,7229
Madelle,7773,7738
Jan,7774,7285
Marnia,7782,1700
Genevra,7787,8392
Nickie,7793,7498
Gilda,7799,6261
Max,7802,5545
Oona,7816,6186
Carol-Jean,7819,6479
Dania,7831,9114
Sharlene,7838,2845
Yolane,7842,5577
Belva,7843,7720
Ingrid,7848,1667
Shaine,7856,841
Jany,7857,2467
Viviene,7857,6077
Vere,7863,3397
Rosabelle,7880,6377
Emmey,7897,2426
Letizia,7902,5639
Lyssa,7912,9559
Myrtice,7914,2272
Yolane,7918,5962
Gwenneth,7920,8740
Claresta,7931,8995
Liana,7960,6011
Riannon,7969,617
Christian,7980,9360
Gaylene,7993,9115
Susette,7994,3637
Karena,8007,8198
Joeann,8015,6722
Patricia,8016,9510
Lulita,8020,7473
Cyb,8047,8725
Elyssa,8062,7077
Kathi,8064,3495
Feliza,8070,3354
Kamilah,8074,6122
Briney,8083,7557
Emilia,8085,9782
Maurene,8089,8133
Tamqrah,8097,4345
Collen,8103,8130
Tressa,8110,6034
Sam,8111,7709
Annora,8114,4216
Orelia,8119,7993
Marguerite,8122,5404
Lynea,8135,7095
Kenna,8145,6607
Anestassia,8213,2635
Veda,8223,4225
Dorthy,8223,9913
Lila,8225,2401
Roxane,8230,4740
Alyda,8231,2852
Shauna,8254,9049
Meghann,8282,7040
Yetty,8307,7424
Maridel,8309,2720
Dominga,8311,7158
Alleen,8322,5553
Harmonia,8331,913
Courtnay,8340,2342
Morganica,8349,9979
Neila,8353,1336
Andeee,8356,7453
Elfreda,8377,2143
Merrie,8379,6354
Ketti,8389,2725
Alyssa,8398,5573
Kimberley,8403,5492
Sandie,8404,6530
Tierney,8413,2287
Jessy,8414,9375
Fredericka,8421,8194
Kial,8431,7635
Roberta,8433,1276
Noelle,8447,7470
Keelia,8450,2758
Merrie,8455,3098
Donetta,8462,4949
Mamie,8470,6631
Stevana,8489,6707
Kate,8492,992
Jemie,8501,7415
Cassandra,8513,3155
Fanchon,8531,2272
Raina,8554,3078
Suzette,8556,9237
Carly,8571,3201
Gerianna,8590,7853
Laurene,8591,7896
Joleen,8601,7673
Sidoney,8652,622
Alexine,8658,9528
Cyb,8677,5806
Petronia,8682,3805
Roseline,8682,7925
Linet,8689,4860
Ekaterina,8707,9727
Katuscha,8719,1035
Andeee,8724,6392
Carolina,8727,4652
Claresta,8735,903
Tiffie,8735,8544
Selia,8745,3436
Nickie,8758,1683
Gui,8765,7659
Gertrud,8779,2747
Sidoney,8782,9171
Silvana,8783,6645
Anestassia,8785,9887
Natka,8807,2871
Tiffie,8822,6066
Viki,8836,8694
Madalyn,8865,2536
Jere,8880,2494
Alia,8891,6064
Mamie,8904,5549
Mallory,8921,8274
Lulita,8926,771
Julieta,8933,1583
Catharine,8940,6808
Wanda,8966,3439
Carmencita,8967,2065
Karly,8989,834
Clary,8993,6275
Madeleine,8996,8549
Sybille,9002,9717
Janis,9027,6875
Marjie,9029,8327
Tilly,9030,6925
Kamilah,9032,9151
Gianina,9054,4337
Chloris,9055,1607
Cissiee,9057,9007
Gabi,9058,6379
Rosabelle,9084,9723
Dorothy,9091,3514
Gwyneth,9091,4154
Maisey,9091,7838
Rozele,9097,8057
Lacie,9134,4665
Kittie,9135,1522
Netty,9139,829
Shandie,9155,5981
Alyssa,9182,2777
Calla,9188,7754
Zaria,9190,4541
Melanie,9196,5186
Wilma,9200,4888
Hettie,9203,2500
Loree,9218,7090
Glenda,9225,9298
Mathilda,9232,4019
Rivalee,9238,7120
Moyna,9240,2815
Bertine,9260,4123
Celisse,9265,6153
Arabel,9294,4280
Orsola,9314,9661
Meghann,9315,8251
Christal,9322,3739
Binny,9353,3826
Karena,9374,8795
Dorothy,9377,6779
Rhea,9436,4769
Berget,9442,7230
Charmaine,9444,8140
Bertine,9444,9423
Meg,9464,5443
Deedee,9478,7619
Donetta,9483,8827
Tobe,9497,4406
Addia,9505,4306
Rori,9528,6959
Trixi,9530,2479
Ermengarde,9536,1333
Anica,9541,3016
Dale,9548,3018
Augustine,9565,1948
Natka,9570,2335
Dania,9572,9057
Ellette,9577,1330
Constance,9577,9396
Renie,9598,9700
Karlee,9601,1985
Petronia,9603,2950
Jinny,9611,1172
Annecorinne,9612,6413
Christy,9621,7283
Beatriz,9626,8830
Adele,9628,8522
Regina,9632,3149
Ardys,9639,3893
Doralynne,9641,2437
Maisey,9651,9913
Myriam,9653,5030
Ricky,9655,1677
Millie,9667,6396
Ilse,9683,1945
Lonnie,9702,1523
Ninnetta,9707,3958
Felice,9739,5357
Ana,9744,916
Keelia,9751,4000
Darci,9755,5353
Tersina,9761,5525
Fredericka,9763,2696
Hollie,9767,9979
Johna,9786,9895
Lila,9802,5510
Lyssa,9814,5769
Willetta,9817,7682
Lilith,9845,5615
Roseline,9845,7675
Kial,9845,7915
Rubie,9860,9285
Arlena,9862,4691
Gratia,9867,8014
Corene,9868,4052
Anthia,9879,6963
Dode,9883,3251
Gilda,9894,5060
Mahalia,9894,8363
Karena,9910,6120
Layla,9919,4615
Ebonee,9940,540
Starla,9964,2246
Gwyneth,9964,3316
Clarice,9967,8993
Averyl,9970,9082
Jsandye,9984,7918
Britni,9991,7118
Deane,9998,571
